1990442401900,SABATIER,Gaspard,1951-03-09,0435793957,diam.eu@icloud.net,700,1,62 €
1990442401901,RIVET,Ronan,1994-04-17,0301520538,varius.orci@hotmail.org,701,4,76 €
1990442401902,LEGALL,Aloïs,2002-01-11,0621468638,id.ante@hotmail.com,702,7,70 €
1990442401903,PELLERIN,Aloïs,1958-10-04,0399512327,sodales.nisi@hotmail.org,703,1,83 €
1990442401904,SALOMON,Geoffroy,1972-07-20,0283450856,dictum@outlook.com,704,8,46 €
1990442401905,BODIN,Cassien,1979-12-18,0176256628,proin.vel.nisl@yahoo.com,705,4,51 €
1990442401906,RIGAUD,Marc,1956-06-02,0431221631,feugiat.sed@hotmail.net,706,5,7 €
1990442401907,CROS,Archange,1970-09-19,0742153477,phasellus.vitae.mauris@hotmail.com,707,7,57 €
1990442401908,PREVOST,Anatole,1975-06-17,0418808514,lacinia@outlook.net,708,4,12 €
1990442401909,CAMUS,Thibault,1970-03-07,0343755447,vestibulum.lorem@yahoo.org,709,5,88 €
1990442401910,CHEVRIER,Gislebert,2001-08-19,0675936149,eu.accumsan@hotmail.org,710,9,39 €
1990442401911,DOSSANTOS,Carle,1972-02-22,0318929835,vitae.diam.proin@hotmail.com,711,10,18 €
1990442401912,NEDELEC,Justin,1969-05-24,0629768865,sed.turpis@icloud.com,712,5,18 €
1990442401913,DOSSANTOS,Arian,1964-01-22,0718518721,luctus.vulputate@icloud.net,713,7,88 €
1990442401914,NAVARRO,Georges,1991-12-02,0745743754,dolor.quisque@yahoo.org,714,7,68 €
1990442401915,DARRAS,Sigismond,1959-05-10,0761646876,auctor.vitae@hotmail.org,715,1,22 €
1990442401916,COSTE,David,1956-11-30,0182416295,dictum.placerat.augue@hotmail.net,716,8,43 €
1990442401917,LIENARD,Ambroise,1975-05-22,0555597843,vivamus.euismod.urna@yahoo.net,717,8,79 €
1990442401918,CARIOU,Benoît,1976-12-24,0556813872,ultrices.posuere@yahoo.org,718,1,29 €
1990442401919,VALENTIN,Augustin,1968-02-02,0558666765,et@hotmail.net,719,7,92 €
1990442401920,FAIVRE,Victorien,2005-07-16,0253176845,urna.et.arcu@icloud.org,720,7,70 €
1990442401921,SCHNEIDER,Carle,1961-02-20,0451715118,pretium.et@hotmail.org,721,6,89 €
1990442401922,BECKER,Eugène,1962-05-27,0149916053,nisl.quisque@hotmail.com,722,3,39 €
1990442401923,LEBORGNE,Edouard,1966-12-20,0433585271,nullam@icloud.org,723,9,11 €
1990442401924,GUEGUEN,Maurice,1961-03-11,0636754788,cras.sed@hotmail.org,724,8,95 €
1990442401925,TISSOT,Thierry,1963-07-23,0744422232,pede.sagittis@hotmail.net,725,10,92 €
1990442401926,ARNOULD,Adon,1971-07-28,0546362073,velit.in@outlook.net,726,4,70 €
1990442401927,LAFONT,Audebert,2007-02-21,0338343222,nunc.laoreet@yahoo.com,727,3,75 €
1990442401928,AUGE,Matthias,1989-01-27,0617563175,sit@icloud.net,728,5,86 €
1990442401929,FOUCHER,Antide,1998-03-08,0142229683,at@yahoo.org,729,5,33 €
1990442401930,VERNET,Angoustan,1958-04-18,0426781561,tellus.imperdiet@hotmail.net,730,7,13 €
1990442401931,LEFLOCH,Noël,1955-04-08,0151923564,ut.tincidunt.orci@yahoo.com,731,8,99 €
1990442401932,GUY,Gervais,1969-01-22,0654563184,felis.donec@yahoo.org,732,5,48 €
1990442401933,FAYE,Aymon,1968-05-27,0691668368,tellus.nunc@outlook.com,733,3,11 €
1990442401934,ROTH,Gonthier,1950-05-27,0944846668,egestas@outlook.com,734,5,17 €
1990442401935,BONNEAU,Albin,2008-08-14,0444988548,nam.consequat@yahoo.com,735,4,75 €
1990442401936,CHARLES,Honoré,1974-01-17,0122455889,sagittis.nullam.vitae@yahoo.org,736,7,12 €
1990442401937,JAN,Ferdinand,2000-10-04,0392135871,purus@icloud.com,737,10,48 €
1990442401938,GRANGER,Philibert,1992-01-28,0666589325,taciti.sociosqu@hotmail.org,738,7,4 €
1990442401939,GRANGE,Archange,2008-11-05,0810640171,massa.quisque@yahoo.com,739,2,68 €
1990442401940,LELONG,Adelin,1988-02-15,0721364868,sed.nunc@yahoo.org,740,9,90 €
1990442401941,VIGOUROUX,Reybaud,1972-03-26,0506655872,ornare.elit.elit@icloud.org,741,6,10 €
1990442401942,LACOSTE,Aimable,1970-09-21,0756926461,lorem.vitae@yahoo.org,742,6,90 €
1990442401943,JOSEPH,Amalric,1996-12-08,0375809363,curabitur.ut@hotmail.org,743,8,47 €
1990442401944,MUNOZ,Théo,1996-04-25,0372786118,phasellus@outlook.net,744,2,26 €
1990442401945,GROSJEAN,Gui,1984-06-26,0844542116,vitae@yahoo.net,745,3,77 €
1990442401946,GRANGER,Lambert,1982-10-16,0323473114,ligula.elit@icloud.net,746,3,95 €
1990442401947,FRANCOIS,Benjamin,1996-07-06,0864414856,id@hotmail.org,747,8,48 €
1990442401948,NOEL,Arsène,2009-10-11,0772404432,amet.dapibus.id@icloud.org,748,9,39 €
1990442401949,MAILLARD,Aristide,1993-03-04,0771155305,semper.tellus.id@icloud.org,749,3,95 €
1990442401950,AUFFRET,Abelin,1985-01-27,0483562891,nisi.sem.semper@hotmail.com,750,3,38 €
1990442401951,LECOCQ,Audric,2000-05-24,0513398986,nam.consequat.dolor@outlook.org,751,9,14 €
1990442401952,DOUCET,Judicaël,2007-06-29,0260788971,neque@icloud.com,752,4,51 €
1990442401953,AUBRY,Naël,2005-04-17,0886244915,quis@yahoo.org,753,3,59 €
1990442401954,ROLLAND,Mauricet,1973-04-18,0210725672,eleifend.non@outlook.net,754,8,18 €
1990442401955,BONIN,Achaire,1999-05-23,0302808416,nec@hotmail.net,755,9,9 €
1990442401956,VACHER,Zéphir,1964-06-30,0356836028,metus.vivamus@outlook.org,756,5,31 €
1990442401957,HERAULT,Arthur,1996-06-22,0630441458,maecenas.ornare.egestas@icloud.org,757,9,59 €
1990442401958,THIEBAUT,Ansbert,1961-08-25,0321587785,vehicula.aliquet@outlook.com,758,7,25 €
1990442401959,CONAN,Chamas,1994-06-14,0148049598,at@icloud.com,759,7,16 €
1990442401960,BEAUMONT,Alphée,2009-07-07,0696854158,aliquet@outlook.net,760,10,53 €
1990442401961,ROBERT,Fabien,1998-03-01,0735234339,duis@icloud.org,761,5,82 €
1990442401962,GUIRAUD,Roselin,1954-10-10,0564194277,facilisi@hotmail.net,762,2,11 €
1990442401963,MARC,Daniel,1983-02-18,0448254786,sem.consequat@icloud.net,763,8,58 €
1990442401964,KELLER,Patrice,1957-02-15,0121945882,ullamcorper.nisl.arcu@icloud.com,764,2,20 €
1990442401965,QUENTIN,Arthur,1971-10-15,0212859371,accumsan@outlook.org,765,9,49 €
1990442401966,LATOUR,Hugo,1966-09-25,0968777840,fusce.mollis@hotmail.com,766,5,27 €
1990442401967,COLIN,Aubérie,1961-06-04,0487712113,sed.nec.metus@outlook.net,767,9,40 €
1990442401968,PERRIER,Albéric,1969-08-15,0551382241,urna@icloud.org,768,4,18 €
1990442401969,GERVAIS,Foulques,2007-09-24,0243673856,nulla.dignissim@outlook.org,769,10,46 €
1990442401970,MILLET,Mence,1970-07-14,0547871574,enim.mauris@yahoo.org,770,8,29 €
1990442401971,BARRE,Firmin,2009-12-14,0374438975,convallis.erat@hotmail.org,771,6,70 €
1990442401972,LOISEAU,Ghislain,2002-09-07,0634264235,augue.eu.tempor@icloud.org,772,7,55 €
1990442401973,GALLOIS,Florent,2010-01-01,0245647187,nullam.nisl@hotmail.net,773,4,60 €
1990442401974,MATHIEU,Honoré,2001-05-17,0466722622,et.rutrum.eu@outlook.net,774,9,19 €
1990442401975,FOUQUET,Lucas,1956-03-24,0431117636,tincidunt@hotmail.com,775,9,50 €
1990442401976,MAIRE,Salomon,1983-03-19,0757561683,sit.amet@icloud.com,776,10,21 €
1990442401977,LEHMANN,Alain,2003-01-24,0623818752,imperdiet.erat.nonummy@outlook.net,777,3,77 €
1990442401978,CAILLAUD,Gaël,1954-01-03,0428585006,lacinia@yahoo.org,778,5,71 €
1990442401979,POTTIER,Agénor,1973-01-17,0656431498,in.aliquet@yahoo.org,779,2,4 €
1990442401980,CROS,Aubertin,1957-02-14,0566622423,vel.faucibus@yahoo.org,780,10,30 €
1990442401981,FELIX,Célien,1997-04-18,0214404981,eget.tincidunt@yahoo.net,781,5,85 €
1990442401982,LESAGE,François,1969-05-30,0746937145,urna.et@hotmail.org,782,6,82 €
1990442401983,BOUVET,Baudouin,1987-07-18,0281115649,elit@outlook.net,783,4,49 €
1990442401984,CAMUS,Paterne,1951-04-16,0309217222,leo.in.lobortis@yahoo.com,784,2,77 €
1990442401985,BOCQUET,Camillien,1977-01-07,0447790774,ante.iaculis.nec@hotmail.com,785,1,93 €
1990442401986,MOULIN,Audric,2009-08-17,0523158864,tellus.imperdiet@yahoo.org,786,10,68 €
1990442401987,GEORGE,Hélier,2004-09-09,0348346703,commodo.ipsum@yahoo.org,787,6,50 €
1990442401988,PONS,Aleaume,1991-01-07,0597132574,hendrerit.donec@yahoo.org,788,8,49 €
1990442401989,LEPAGE,Ronan,1990-02-27,0696841176,pharetra.ut@hotmail.org,789,4,68 €
1990442401990,SERGENT,Arian,1960-12-30,0364817450,at.augue@hotmail.net,790,6,62 €
1990442401991,BERNIER,Anatole,1981-07-29,0697063603,ante.maecenas.mi@outlook.org,791,4,48 €
1990442401992,DUCROCQ,Angilran,1980-06-08,0452889661,est@icloud.org,792,10,90 €
1990442401993,ANDRIEU,Loïc,1966-12-07,0442200887,suspendisse@outlook.org,793,5,74 €
1990442401994,LEVEQUE,Hector,1967-01-02,0287984741,tincidunt.pede@icloud.com,794,3,100 €
1990442401995,PHILIPPE,Alphonse,1995-06-22,0977241384,pede.nunc.sed@icloud.com,795,10,97 €
1990442401996,BELLEC,Calixte,1981-11-30,0597332063,a.felis.ullamcorper@icloud.com,796,3,48 €
1990442401997,VARLET,Gabriel,1968-08-31,0558267264,mauris.nulla.integer@outlook.net,797,9,55 €
1990442401998,DERRIEN,Mathurin,1980-01-19,0612338131,at@yahoo.org,798,7,95 €
1990442401999,CHEVALIER,Wandrille,1961-05-14,0965110336,non.dapibus@hotmail.org,799,8,23 €
1990442402000,LANGLET,Sidoine,1955-11-15,0295042204,mauris.ipsum@hotmail.com,800,9,2 €
1990442402001,PAGE,Sylvain,1951-02-27,0114560918,venenatis.vel@hotmail.com,801,4,52 €
1990442402002,JUNG,Lambert,1996-02-22,0503742629,eleifend.cras@icloud.com,802,1,51 €
1990442402003,DANIEL,Dieudonné,1975-11-22,0406597978,amet@yahoo.net,803,2,70 €
1990442402004,BERGER,Rodolphe,1965-01-05,0202428833,eu@hotmail.com,804,7,100 €
1990442402005,DUMONT,Xavier,1977-12-11,0479135435,non.lorem@icloud.com,805,9,42 €
1990442402006,PELLETIER,Mathurin,1974-04-27,0546535754,luctus.vulputate@icloud.net,806,8,35 €
1990442402007,CASANOVA,Emile,1963-05-11,0782156577,fermentum.metus.aenean@yahoo.net,807,7,25 €
1990442402008,BACH,Germain,2000-12-01,0481393564,quis@yahoo.net,808,1,81 €
1990442402009,BOUDET,Aignan,1981-07-07,0498350955,ultricies.sem@yahoo.net,809,2,21 €
1990442402010,CHARTIER,Sylvain,1990-06-20,0318642431,fusce.diam@outlook.org,810,4,32 €
1990442402011,COMBES,Ancelin,1993-03-07,0856948313,non.lacinia@outlook.net,811,9,5 €
1990442402012,GUEGUEN,Leu,1976-06-10,0328879333,rutrum.urna@icloud.com,812,6,44 €
1990442402013,CARRERE,Océan,1976-05-31,0183827560,ac.mattis@yahoo.com,813,9,16 €
1990442402014,BLONDEL,Juste,1964-02-12,0204409158,in.magna.phasellus@outlook.org,814,7,82 €
1990442402015,MALET,Girart,2006-08-18,0528657341,quis.pede.suspendisse@icloud.com,815,9,30 €
1990442402016,GOURDON,Anis,1951-06-12,0653156923,nunc.in.at@outlook.com,816,8,72 €
1990442402017,BRUNET,Géraud,1974-08-29,0110316870,magna.a@icloud.org,817,8,22 €
1990442402018,BOUVET,Mauricet,1955-09-07,0762187363,lorem@outlook.org,818,3,34 €
1990442402019,DOUCET,Aignan,1961-08-12,0340127855,interdum.nunc.sollicitudin@yahoo.net,819,3,40 €
1990442402020,BAUDOIN,Jacques,2005-03-20,0881688152,est.mauris@icloud.org,820,2,23 €
1990442402021,BENOIST,Amadis,1962-11-09,0956724822,nec.orci@yahoo.net,821,3,22 €
1990442402022,MOREL,Henri,2004-06-05,0639368154,nulla.at@hotmail.org,822,8,74 €
1990442402023,POIROT,Mamert,1987-06-07,0864476852,blandit.mattis@yahoo.org,823,9,18 €
1990442402024,WOLFF,Amant,2002-09-04,0478715875,magna.sed.dui@yahoo.net,824,4,16 €
1990442402025,MICHAUX,Zaché,1988-12-03,0867861401,metus.aliquam@outlook.org,825,4,58 €
1990442402026,HEBERT,Job,1998-07-27,0254302338,vitae.posuere.at@hotmail.org,826,7,60 €
1990442402027,MAURY,Fulcran,1977-08-01,0198923535,ipsum.donec.sollicitudin@icloud.com,827,4,87 €
1990442402028,BRAULT,Jonas,1951-05-05,0828734333,mauris.rhoncus.id@icloud.com,828,10,21 €
1990442402029,MAYER,Thomas,1960-07-26,0738633518,sed.facilisis.vitae@hotmail.net,829,8,36 €
1990442402030,DUJARDIN,Jocelyn,2007-07-28,0733268105,nunc.commodo@hotmail.com,830,2,93 €
1990442402031,BRUNET,Céleste,1966-05-24,0361533434,pede@yahoo.org,831,9,17 €
1990442402032,FELIX,Anatole,2000-03-18,0721329573,tempus.risus.donec@yahoo.com,832,1,12 €
1990442402033,GAULTIER,Childebert,1953-07-22,0262316119,rutrum.urna@yahoo.com,833,4,36 €
1990442402034,BOSC,Hincmar,1999-10-05,0315639183,eros.proin.ultrices@hotmail.com,834,8,33 €
1990442402035,MILLET,Basile,1953-11-10,0726756652,fermentum.metus.aenean@yahoo.org,835,6,21 €
1990442402036,CHAUVEAU,Marius,1962-04-28,0192678682,luctus.ut@yahoo.net,836,10,53 €
1990442402037,MAGNIER,Auxence,1955-11-25,0251515340,lacinia.at@icloud.org,837,9,83 €
1990442402038,FORT,Jules,1980-02-27,0712685616,bibendum@yahoo.org,838,3,70 €
1990442402039,LEMOINE,Anatole,1981-11-25,0169639592,nibh@yahoo.com,839,1,59 €
1990442402040,WAGNER,Eustache,1984-03-12,0541489441,amet.ultricies.sem@icloud.org,840,3,64 €
1990442402041,BRIERE,Jérémie,1965-01-29,0285514012,sapien.molestie.orci@hotmail.com,841,1,23 €
1990442402042,CARRIERE,Joël,1999-06-27,0811066831,orci.ut@hotmail.com,842,10,67 €
1990442402043,KIEFFER,Josse,1971-03-05,0333340369,aenean.massa@hotmail.net,843,4,100 €
1990442402044,BONNARD,Simon,2010-01-13,0830216716,cum.sociis@yahoo.net,844,7,10 €
1990442402045,PAIN,Leu,1956-04-10,0551104484,etiam.imperdiet@outlook.org,845,4,76 €
1990442402046,GILLES,Stanislas,1993-05-28,0378613834,gravida.non.sollicitudin@yahoo.net,846,10,89 €
1990442402047,PIERRON,Dominique,1956-01-30,0318782710,blandit.at.nisi@outlook.org,847,6,33 €
1990442402048,PRUDHOMME,Hubert,1975-11-04,0536524928,neque.in.ornare@icloud.net,848,1,28 €
1990442402049,CHOQUET,Venceslas,1958-04-05,0810617467,amet.consectetuer@outlook.net,849,3,84 €
1990442402050,OLLIVIER,Renaud,1994-08-07,0645867476,ut.sagittis.lobortis@yahoo.org,850,4,60 €
1990442402051,BRUNET,Aimable,1986-02-23,0983475063,phasellus.nulla@yahoo.com,851,1,2 €
1990442402052,BAUDOUIN,William,1963-12-23,0740671074,lorem@yahoo.com,852,4,3 €
1990442402053,POIROT,Gislebert,1979-07-22,0993504426,urna.nec@icloud.net,853,5,40 €
1990442402054,JOURDAIN,Renaud,1975-12-28,0302536648,dictum@hotmail.org,854,3,71 €
1990442402055,BECK,Aquilin,1960-02-25,0617723687,neque.tellus@yahoo.net,855,4,16 €
1990442402056,MAZET,Angoustan,1969-02-11,0363733331,integer.id.magna@icloud.org,856,5,68 €
1990442402057,GRAND,Martin,1953-07-14,0234557342,lectus.a@yahoo.net,857,4,20 €
1990442402058,CHEVALIER,Almine,1952-12-25,0682484626,tellus.lorem@icloud.org,858,6,60 €
1990442402059,PARENT,Archambaud,1952-08-06,0273546358,ullamcorper.viverra.maecenas@hotmail.com,859,5,44 €
1990442402060,LESUEUR,Adelin,1995-04-25,0776794684,amet.consectetuer@hotmail.com,860,9,76 €
1990442402061,REMOND,Alpinien,1968-03-19,0771021175,mauris@hotmail.net,861,4,23 €
1990442402062,NOEL,Kevin,1974-06-19,0327847353,eu.metus@hotmail.com,862,2,64 €
1990442402063,LASSALLE,Médéric,2004-06-02,0481357745,dolor@icloud.net,863,6,52 €
1990442402064,LAFFONT,Johan,1974-06-11,0927395923,sociis.natoque@outlook.org,864,1,27 €
1990442402065,MAHIEU,Arsinoé,1969-07-02,0217327484,ligula.donec@icloud.org,865,7,15 €
1990442402066,ROTH,Andéol,2003-05-30,0163214087,posuere.cubilia.curae@outlook.com,866,10,82 €
1990442402067,MASSON,Néhémie,1950-09-14,0254844478,vel.arcu@hotmail.org,867,1,37 €
1990442402068,REYNAUD,Max,2006-08-19,0749844022,sed@icloud.com,868,6,6 €
1990442402069,LOISON,Anicet,1975-08-26,0742946711,ac.ipsum@icloud.net,869,7,96 €
1990442402070,PEPIN,Valère,1965-09-01,0349538717,velit.pellentesque@hotmail.com,870,3,45 €
1990442402071,ALIX,Adalbéron,1989-03-09,0542210679,consectetuer.adipiscing@outlook.com,871,3,18 €
1990442402072,GRAS,Gatien,1963-02-07,0296555529,a@yahoo.net,872,10,27 €
1990442402073,LOPEZ,Azel,1952-11-10,0487634302,curae.phasellus@outlook.com,873,10,44 €
1990442402074,BOULAY,Cassien,1982-01-16,0829660564,sollicitudin.adipiscing.ligula@yahoo.org,874,4,33 €
1990442402075,BRUNEL,Clément,1957-12-23,0267653353,erat.eget@hotmail.com,875,4,64 €
1990442402076,LAMY,Caribert,2009-11-27,0379330681,convallis@icloud.com,876,7,55 €
1990442402077,JARRY,Salomon,1977-06-21,0546314243,ridiculus.mus@icloud.net,877,5,30 €
1990442402078,RIGAL,Lorrain,1997-12-11,0753189625,egestas@icloud.com,878,1,26 €
1990442402079,VALLET,Sidoine,2001-02-22,0701412863,purus@hotmail.org,879,9,60 €
1990442402080,RIVIERE,Sébastien,1954-04-24,0867415923,massa@outlook.com,880,7,42 €
1990442402081,BECKER,Octave,1990-11-24,0712502455,ac@icloud.net,881,10,44 €
1990442402082,ROLAND,Agathange,1996-09-13,0815953581,imperdiet.ullamcorper@icloud.com,882,4,86 €
1990442402083,BAUDET,Amédée,1954-09-21,0744051979,ipsum@yahoo.net,883,3,86 €
1990442402084,BOUILLON,Loïc,1982-04-01,0584545346,velit.quisque@yahoo.org,884,3,27 €
1990442402085,HUET,Carle,1991-12-09,0498734752,in.lorem@yahoo.net,885,10,65 €
1990442402086,JAMES,Jude,1956-07-23,0809323866,neque@hotmail.org,886,8,26 €
1990442402087,PRAT,Mathurin,1999-07-20,0165321310,pellentesque.tellus.sem@hotmail.org,887,5,67 €
1990442402088,ROCHE,Stéphan,1992-08-23,0646852048,enim.consequat.purus@outlook.org,888,3,15 €
1990442402089,LOISEAU,Etienne,1950-05-19,0526437870,lorem@yahoo.net,889,8,10 €
1990442402090,DUPONT,Florian,1998-08-10,0327278553,enim.suspendisse@outlook.com,890,10,35 €
1990442402091,RIVET,Waleran,1965-12-10,0553226491,odio@hotmail.net,891,8,69 €
1990442402092,CHOQUET,Valéry,1992-02-24,0242135767,arcu.sed@outlook.org,892,1,20 €
1990442402093,GODARD,Naël,1997-04-24,0567461058,id.ante@outlook.net,893,9,63 €
1990442402094,LANGLAIS,Raoul,2008-04-29,0830358804,urna.justo.faucibus@yahoo.org,894,1,34 €
1990442402095,FORESTIER,Baptiste,1974-05-06,0478797844,maecenas.malesuada.fringilla@yahoo.net,895,7,4 €
1990442402096,COHEN,Aymard,1968-11-26,0187286343,elementum.sem@icloud.org,896,2,39 €
1990442402097,MERLIN,Victorien,2002-07-29,0724658416,quis@outlook.net,897,1,68 €
1990442402098,LAVAL,Amadis,1952-03-31,0214225567,malesuada.fames@icloud.net,898,4,91 €
1990442402099,PUJOL,Albin,1983-07-07,0247432124,eu.euismod@hotmail.net,899,3,58 €
1990442402100,PELLERIN,Odon,1964-06-06,0663223564,ipsum.suspendisse.non@hotmail.org,900,4,53 €
1990442402101,BATAILLE,Angilran,2000-05-28,0456183822,mi.lacinia@yahoo.net,901,9,80 €
1990442402102,LELOUP,Odon,1982-05-13,0658555513,dolor.donec@outlook.org,902,6,67 €
1990442402103,DOSSANTOS,Aymond,2002-12-14,0431276588,aliquam.gravida@icloud.org,903,3,63 €
1990442402104,RENAUD,Patrice,1990-12-10,0637748452,vitae.odio@outlook.net,904,2,2 €
1990442402105,GIRAUD,Albert,1998-01-05,0722202129,vitae.purus.gravida@yahoo.net,905,2,33 €
1990442402106,BARBE,Norbert,1998-04-09,0556227172,libero.morbi@yahoo.com,906,2,40 €
1990442402107,POMMIER,Maxence,1973-01-24,0587072311,et.netus@icloud.com,907,3,56 €
1990442402108,BASSET,Maugis,1989-04-30,0751435557,pede@yahoo.org,908,10,1 €
1990442402109,GIL,Joachim,1954-04-25,0777315392,diam.dictum.sapien@outlook.com,909,10,19 €
1990442402110,MARQUES,Alban,1995-02-23,0556776658,sollicitudin.orci@yahoo.org,910,1,24 €
1990442402111,DUPRAT,Timoléon,2000-10-14,0286652625,commodo.ipsum@outlook.net,911,3,44 €
1990442402112,ROUAULT,Tonnin,1984-07-22,0247771672,lorem.ipsum@outlook.org,912,10,59 €
1990442402113,JACOB,Victorin,1956-06-23,0277019418,ac.libero@outlook.net,913,3,88 €
1990442402114,BRUN,Fabien,2006-03-08,0248698763,faucibus.morbi@yahoo.org,914,8,44 €
1990442402115,MILLET,Honoré,1971-04-11,0357873927,eu.ligula.aenean@hotmail.org,915,4,60 €
1990442402116,LAPIERRE,Kilian,1984-11-27,0342275612,dolor@hotmail.com,916,2,55 €
1990442402117,LOISEAU,Girart,2000-12-17,0557191180,fusce.feugiat.lorem@icloud.com,917,2,21 €
1990442402118,MAHE,Didier,2004-01-18,0167796734,sit.amet@outlook.net,918,2,1 €
1990442402119,MAIRE,Serge,1977-12-04,0166667424,et.magnis@outlook.net,919,10,33 €
1990442402120,CONSTANT,Aubérie,1967-08-02,0432474057,maecenas.malesuada@hotmail.net,920,3,18 €
1990442402121,VAILLANT,Clarence,1964-07-05,0316874447,adipiscing.mauris@outlook.org,921,7,65 €
1990442402122,LOPEZ,Fabrice,1967-01-29,0572559611,vestibulum.ante.ipsum@icloud.com,922,2,10 €
1990442402123,MACE,Igor,1995-05-30,0364396891,nec.enim.nunc@yahoo.com,923,10,3 €
1990442402124,CORMIER,Aloïse,1992-04-20,0255281218,facilisis.eget.ipsum@icloud.com,924,1,72 €
1990442402125,GRENIER,Ansbert,2001-02-28,0677462147,phasellus.at@hotmail.org,925,10,34 €
1990442402126,CARTIER,Aimé,1952-11-23,0956337927,morbi.quis@outlook.com,926,7,9 €
1990442402127,FOURCADE,Annibal,1996-02-22,0393425247,amet.consectetuer@hotmail.net,927,10,88 €
1990442402128,VALENTIN,Ariste,1993-07-17,0541622153,luctus.aliquet.odio@yahoo.org,928,6,52 €
1990442402129,DUPUY,Absalon,1989-01-20,0180352679,dictum.ultricies@icloud.com,929,6,3 €
1990442402130,LESAGE,Marcelin,1984-01-08,0633115266,eu.odio.tristique@icloud.org,930,1,64 €
1990442402131,LEMONNIER,Amélien,1989-01-17,0474165641,magna.tellus@outlook.org,931,1,44 €
1990442402132,BECKER,Fortuné,1981-05-27,0277557937,varius.nam@outlook.com,932,6,68 €
1990442402133,BARRAUD,Foulques,1993-04-02,0632132617,turpis.nec@yahoo.org,933,8,60 €
1990442402134,GROS,Albin,1960-09-27,0985656122,lacus.ut.nec@hotmail.net,934,4,77 €
1990442402135,JOURDAIN,Innocent,1954-03-15,0288738841,magna@yahoo.org,935,9,98 €
1990442402136,LEMERCIER,Philibert,1967-09-26,0611492336,ultricies.ornare@outlook.com,936,2,47 €
1990442402137,HEMERY,Victorien,1976-06-17,0867155879,leo.morbi@yahoo.net,937,2,30 €
1990442402138,DUMAS,Lorrain,1985-10-25,0261266777,vel@yahoo.com,938,8,69 €
1990442402139,JAN,Gislebert,2007-07-08,0437935345,sociis.natoque.penatibus@hotmail.com,939,9,62 €
1990442402140,WOLFF,Xavier,1981-08-28,0498407641,sit.amet@outlook.net,940,6,91 €
1990442402141,LEONARD,Alcée,1993-09-17,0867556359,nulla@icloud.com,941,1,83 €
1990442402142,DACOSTA,Alban,1957-09-11,0234342756,diam.sed@outlook.org,942,1,34 €
1990442402143,CARRIERE,Armel,2006-07-18,0832167539,erat.neque@outlook.com,943,9,16 €
1990442402144,FERRY,Gilbert,2005-09-06,0226942810,felis@outlook.com,944,10,67 €
1990442402145,HARDY,Aurian,2008-08-20,0854953285,sed.sapien@hotmail.com,945,8,20 €
1990442402146,CONSTANT,Alban,2004-06-27,0986274318,vitae.nibh@hotmail.net,946,6,22 €
1990442402147,LECUYER,Aubin,1962-12-10,0638039169,sem.magna@hotmail.com,947,6,21 €
1990442402148,CALVET,Désiré,2003-08-20,0149918676,non.cursus@icloud.com,948,4,24 €
1990442402149,LAFON,Albert,1954-02-14,0405417413,lacus.mauris@outlook.net,949,4,60 €
1990442402150,DELMAS,Bouchard,1989-12-01,0337553086,pellentesque.eget.dictum@outlook.com,950,5,44 €
1990442402151,VERDIER,Cassien,1976-12-30,0536041321,velit@yahoo.net,951,6,16 €
1990442402152,CARPENTIER,Jérôme,2000-09-12,0427040126,montes.nascetur@outlook.org,952,5,27 €
1990442402153,GUILLOUX,Carle,1978-01-21,0425456303,in@icloud.com,953,9,68 €
1990442402154,FERRAND,Gilles,1960-09-10,0670666285,enim@icloud.net,954,10,17 €
1990442402155,RONDEAU,Claude,1953-07-28,0661513661,est@hotmail.org,955,1,37 €
1990442402156,LARCHER,Rodolphe,1988-03-09,0143486028,tellus.sem@hotmail.com,956,8,23 €
1990442402157,DUCHENE,Adalard,1992-09-05,0765404118,lectus.pede.ultrices@yahoo.com,957,6,43 €
1990442402158,DUCHESNE,Fulcran,1954-02-22,0960189782,mauris.blandit@icloud.net,958,6,77 €
1990442402159,JAOUEN,Aldebert,1981-04-07,0447715194,ipsum.dolor.sit@outlook.net,959,10,5 €
1990442402160,LEBIHAN,Pascal,1968-11-07,0718211588,id.enim@icloud.org,960,8,70 €
1990442402161,FAYE,Anatole,1987-02-12,0687643128,pellentesque.ultricies.dignissim@hotmail.net,961,4,98 €
1990442402162,BOIS,Nicolas,1958-04-27,0853512655,a@hotmail.com,962,2,37 €
1990442402163,TISSERAND,Vladimir,1966-06-01,0136431256,faucibus.orci@icloud.com,963,3,37 €
1990442402164,PAIN,Anthime,1980-04-26,0822225778,eu.ligula.aenean@icloud.com,964,9,70 €
1990442402165,BOISSON,Néhémie,1976-08-27,0647193145,fusce.fermentum.fermentum@icloud.org,965,2,76 €
1990442402166,DUCHESNE,Séverin,1965-07-12,0144413604,egestas.sed.pharetra@hotmail.com,966,3,90 €
1990442402167,CHABOT,Armin,1987-01-05,0266886579,lacinia.vitae@yahoo.org,967,3,30 €
1990442402168,FREY,Alain,1995-01-03,0251726685,scelerisque.sed@icloud.org,968,1,15 €
1990442402169,PORTE,Auguste,1991-02-24,0531856487,erat@hotmail.com,969,4,53 €
1990442402170,BERAUD,Armin,1991-12-28,0274638423,nisl.arcu.iaculis@outlook.org,970,9,27 €
1990442402171,AUFFRET,Adelphe,1954-08-01,0474771150,eleifend.nunc.risus@hotmail.net,971,7,61 €
1990442402172,MICHAUX,Roland,1989-06-09,0423829618,donec@outlook.com,972,2,80 €
1990442402173,THOMAS,Gérard,2008-03-16,0563685627,ante.ipsum@icloud.org,973,8,8 €
1990442402174,COURTOIS,Zéphir,1972-09-02,0776411504,ante.maecenas.mi@icloud.net,974,6,19 €
1990442402175,LEROY,Alverède,2009-12-10,0862312869,aliquet.vel@icloud.org,975,1,12 €
1990442402176,THEVENET,Carloman,1956-09-19,0681835528,cras.eget.nisi@outlook.net,976,3,18 €
1990442402177,THEVENET,Gwenael,2001-06-14,0550291155,nunc.ac@icloud.com,977,9,61 €
1990442402178,DELAMARE,Angilbe,1959-08-16,0790394374,diam@hotmail.net,978,8,68 €
1990442402179,PAUL,Jonas,1994-04-20,0387444470,vulputate.velit.eu@hotmail.com,979,1,86 €
1990442402180,LABBE,Turold,1992-11-24,0116675358,quam.curabitur@icloud.org,980,5,36 €
1990442402181,ANTOINE,Létaud,1952-04-03,0723287435,mauris.vestibulum.neque@icloud.com,981,9,34 €
1990442402182,CHEMIN,Arcade,1985-03-17,0653108445,nulla@yahoo.com,982,9,45 €
1990442402183,CORNET,Aldebert,1980-02-06,0500487715,erat.eget.tincidunt@hotmail.org,983,7,39 €
1990442402184,GROSS,Moïse,1958-01-09,0155936183,at@yahoo.net,984,5,90 €
1990442402185,DELCOURT,Alexis,1990-12-13,0299396647,sed.sapien@icloud.com,985,10,65 €
1990442402186,CUNY,Firmin,1962-12-20,0852645373,nonummy.ultricies@icloud.net,986,10,31 €
1990442402187,MATHIEU,Abraham,1964-04-07,0866448675,non.massa@hotmail.com,987,8,66 €
1990442402188,BARON,Eusèbe,1984-02-08,0124525872,ipsum.ac@yahoo.org,988,3,79 €
1990442401290,SCHAEFFER,Prosper,1957-09-01,0204695713,class.aptent@hotmail.com,389,5,19 €
1990442401291,LOISON,Thibault,1979-10-01,0453873314,vel.vulputate@icloud.com,390,2,42 €
1990442401292,DURET,Foulques,2006-10-26,0518912557,integer.urna.vivamus@outlook.com,391,9,57 €
1990442401293,GUILLON,Aloïse,1993-10-22,0583587192,quam.elementum@outlook.net,392,6,69 €
1990442401294,DIAZ,Bernard,1981-10-07,0251775455,in.tempus.eu@icloud.org,393,4,62 €
1990442401295,GAULTIER,Antonin,1998-08-08,0683173367,praesent.interdum@yahoo.com,394,8,32 €
1990442401296,LEGAL,Tancrède,2005-09-20,0893367491,netus.et@hotmail.com,395,8,26 €
1990442401297,ROBERT,Claude,1963-11-16,0556288543,proin@icloud.com,396,7,59 €
1990442401298,CAILLE,Gérald,1969-07-23,0242302811,mauris.molestie.pharetra@icloud.net,397,7,42 €
1990442401299,QUENTIN,Aubertin,1960-04-11,0635546554,a.arcu.sed@icloud.net,398,2,15 €
1990442401300,BLANCHARD,Anaël,1998-03-11,0846936869,magnis@yahoo.net,399,2,20 €